id;parent_id;title;text
"interpretation introduction;interpretation;""2. CAT 검사 결과 해석"";""수검자의 검사 결과는 수검자 본인과 또는, 법적으로, 윤리적으로 허용된 부모나 보호자만 열람할 수 있습니다. 다만, 이때에도 검사 자료를 부모나 보호자에게 별도의 해석 설명 없이 그대로 전달하거나 복사, 노출하는 것은 주의가 필요합니다. 어떠한 경우에도 검사 자료를 되팔거나, 공개적으로 배포해서는 안되며, 개인이 무분별하게 검사 도구를 사용하거나 검사 항목을 부분적으로 또는 전체적으로 열람해서는 안됩니다. 모든 검사 자극과 해석 자료는 저작권이 보호되므로, 무단 복제나 도용을 삼가주시기 바랍니다."
"
interpretation caution;interpretation introduction;""2.1 해석 시 주의사항"";""1) CAT는 질병을 진단 및 선별하는 검사가 아닙니다.

CAT의 단독 결과만으로 수검자가 특정 질환(예, ADHD)을 가지고 있다고 단정하는 것은 위험합니다. 진단과 선별을 위해서는 종합 심리 평가, 다른 신경인지평가, 행동 관찰, 전문가의 소견 등을 종합적으로 고려해야 합니다.

2) CAT 결과가 수검자의 모든 인지 수준과 행동 수준을 반영하는 것은 아닙니다.
주의력은 단일 개념으로 설명하기 어려운, 다중 도메인에 걸쳐 있는 복합적인 개념입니다.  따라서 CAT에서 측정하는 주의력의 결과만으로 수검자의 주의력과 관련된 모든 기능적 측면을 설명하기 어렵습니다.  CAT의 주의력 측정 개념과 검사 특성을 면밀히 이해하고, 이를 바탕으로 수검자의 결과를 신중하게 해석하는 것이 중요합니다.

3) CAT 결과의 특정 지표가 주의력 수준을 대표할 수 없습니다.
CAT의 특정 지표만으로 주의력 결과를 해석하는 것은 제한적입니다. 보다 정확한 해석을 위해서는 전체적인 결과와 각 지표별 결과를 종합적으로 고려해야 합니다.

4) CAT의 특정 점수나 결과만을 보며 확대 해석하는 것을 주의하기 바랍니다.
CAT의 특정 점수나 결과만으로 확정적인 결론을 내리거나 과도하게 일반화하는 것은 주의해야 합니다. CAT 결과는 수검자의 임상적 특성과 연관 지어 개별적으로 해석해야 하며, 동일한 점수라도 수검자에 따라 다르게 해석될 수 있습니다."
"interpretation age;interpretation introduction;""2.2 표준화 연령 외 해석 유의"";""CAT는 만 4세부터 만 49세까지의 표준화된 자료를 기반으로 결과를 도출합니다. 따라서 만 4세 미만이거나 만 49세 초과인 수검자가 검사를 진행한 경우, 이를 고려하여 신중하게 해석하셔야 합니다. 

지시 사항을 잘 이해하지 못하거나 검사를 제대로 수행하지 않는 등의 수검 태도와 관련된 문제가 결과에 영향을 미칠 수 있습니다. 본 해석의 예시는 절대적인 기준이나 지침이 될 수 없습니다. 최종 평가는 전문가의 진단, 심리평가, 행동 관찰 등이 종합적으로 적용되어야 합니다."